{
  "optimal_k": 0.9061958491802216,
  "metrics": {
    "precision": 0.5423728813559322,
    "recall": 0.9411764705882353,
    "f0.5": 0.5925925925925926
  },
  "n_pairs": 68,
  "embedding_model": "text-embedding-v4"
}