{
  "k": 0.8,
  "n_pairs": 68,
  "confusion": {
    "tp": 32,
    "fp": 32,
    "tn": 2,
    "fn": 2
  },
  "metrics": {
    "precision": 0.5,
    "recall": 0.9411764705882353,
    "f0.5": 0.5517241379310345
  }
}